{
  "count": 10000,
  "phases": {
    "generate": 8.483162900010939,
    "scan": 59.68045779998647,
    "index_first": 0.3099534999928437,
    "rescan_unchanged": 3.84462910000002,
    "search": 0.08214169999700971,
    "filters": 0.9326342999993358
  },
  "throughput": {
    "scan": 167.55903638531183,
    "index_first": 32262.903952466684
  }
}
