{
  "count": 10000,
  "phases": {
    "generate": 8.645665799995186,
    "scan": 73.55109720000473,
    "index_first": 0.6866717000084464,
    "rescan_unchanged": 34.097385900007794,
    "search": 0.15475440000591334,
    "filters": 2.645297199997003
  },
  "throughput": {
    "scan": 135.9599024445193,
    "index_first": 14563.00004773314
  }
}
