{
  "count": 10000,
  "phases": {
    "generate": 15.308568000007654,
    "scan": 72.27679209999042,
    "index_first": 31.958808900002623,
    "rescan_unchanged": 103.82625769999868,
    "search": 0.09724210000422318,
    "filters": 1.4483818000007886
  },
  "throughput": {
    "scan": 138.356998276371,
    "index_first": 312.902775297085
  }
}
